question,expected_doc
How many failed sign-ins lock my account and when does it unlock?,KB-002
What is the minimum password length?,KB-001
Can contractors use their personal laptop on VPN?,KB-005
My VPN shows error 809 - what should I try?,KB-004
How long can I restore deleted OneDrive files?,KB-013
I lost my phone with the authenticator app. What happens now?,KB-003
What is the first response time for a High priority ticket?,KB-016
Who approves access to a shared mailbox?,KB-010
I clicked a phishing link and typed my password. What priority is this?,KB-019
Can I get permanent admin rights on my laptop?,KB-008
What is Orbit Corp's parental leave policy?,NONE
Which cafeteria serves vegan food on Fridays?,NONE
